Model,Accuracy,Precision,Recall,F1,Specificity,Balanced Accuracy
Logistic Regression,0.8340486409155937,0.8229598893499308,0.8512160228898427,0.8368495077355838,0.8168812589413448,0.8340486409155937
"Naive Bayes (Gaussian, TF-IDF)",0.6566523605150214,0.6045845272206304,0.9055793991416308,0.725085910652921,0.407725321888412,0.6566523605150214
"Naive Bayes (multinomial, counts)",0.8104434907010014,0.8258258258258259,0.7868383404864091,0.8058608058608059,0.8340486409155937,0.8104434907010014
Random Forest,0.8483547925608012,0.8792834890965732,0.8075822603719599,0.8419090231170767,0.8891273247496424,0.8483547925608012
BERT (fine-tuned),0.8701716738197425,0.8586278586278586,0.8862660944206009,0.8722280887011616,0.8540772532188842,0.8701716738197425
