epoch,eval_loss,eval_accuracy,eval_f1_macro
1,0.3099350333213806,0.8590844062947067,0.8590583728198407
2,0.3156803548336029,0.8776824034334764,0.8776823408478189
3,0.40708258748054504,0.8719599427753935,0.8719221958125281
