Model,Accuracy,Precision,Recall,F1,Specificity,Balanced Accuracy
BERT (fine-tuned),0.8701716738197425,0.8586278586278586,0.8862660944206009,0.8722280887011616,0.8540772532188842,0.8701716738197425
