Model,Accuracy,Precision,Recall,F1,Specificity,Balanced Accuracy
GPT-4o-mini (zero-shot),0.6870529327610873,0.8009205983889528,0.4978540772532189,0.6140273489192766,0.8762517882689557,0.6870529327610873
GPT-4o-mini (8-shot),0.7060085836909872,0.7149253731343284,0.6852646638054364,0.699780861943024,0.7267525035765379,0.7060085836909871
Claude Haiku 4.5 (zero-shot),0.7142346208869814,0.751892346509672,0.6394849785407726,0.6911480479319675,0.7889842632331903,0.7142346208869814
Claude Haiku 4.5 (8-shot),0.7303290414878397,0.7600969305331179,0.67310443490701,0.7139605462822458,0.7875536480686696,0.7303290414878398
Gemini 2.5 Flash (zero-shot),0.6784692417739628,0.8751879699248121,0.41630901287553645,0.5642268540959766,0.9406294706723891,0.6784692417739628
Gemini 2.5 Flash (8-shot),0.7378397711015737,0.8674033149171271,0.5615164520743919,0.681719496309162,0.9141630901287554,0.7378397711015736
