Model,Accuracy,Precision,Recall,F1,Specificity,Balanced Accuracy
Logistic Regression,0.8340486409155937,0.8229598893499308,0.8512160228898427,0.8368495077355838,0.8168812589413448,0.8340486409155937
