Model,Accuracy,Precision,Recall,F1,Specificity,Balanced Accuracy
"Naive Bayes (multinomial, counts)",0.8104434907010014,0.8258258258258259,0.7868383404864091,0.8058608058608059,0.8340486409155937,0.8104434907010014
