Model,Accuracy,Precision,Recall,F1,Specificity,Balanced Accuracy
Random Forest,0.8483547925608012,0.8792834890965732,0.8075822603719599,0.8419090231170767,0.8891273247496424,0.8483547925608012
